opinion,rating
This movie was incredible! I loved every minute.,5
I didn't like this movie very much. I found the story weak.,2
The actors' performances in this movie are phenomenal.,5
This was the worst movie I've ever seen in my life.,1
The plot of this movie is captivating and full of twists.,4
I would recommend this movie to all my friends.,5
The action scenes in this movie are breathtaking.,5
I found this movie quite boring.,2
The soundtrack of this movie is simply amazing.,4
The special effects in this movie are impressive.,4
I couldn't connect with any of the characters in this movie.,2
This movie made me cry from beginning to end.,5
A cinematic masterpiece!,5
I found the direction of this movie very confusing.,2
This movie is a true work of art.,5
I wouldn't recommend this movie to anyone.,1
The dialogues in this movie are very well-written.,4
This movie left me speechless.,5
This is the kind of movie I would like to watch again.,4
I found this movie quite predictable.,3
The cinematography in this movie is stunning.,5
The screenplay of this movie is brilliant.,5
I couldn't stop laughing watching this movie.,5
This movie made me reflect on life.,4
The visual effects in this movie are impressive.,4
The lead actor's performance in this movie is exceptional.,5
This movie scared me.,3
I found this movie quite original.,4
I wouldn't recommend this movie even to my worst enemy.,1
This movie has a very important message.,5
The characters in this movie are very well-developed.,5
The plot of this movie is full of suspense.,4
This movie left me intrigued from start to finish.,4
I couldn't take my eyes off the screen throughout the movie.,5
I found this movie quite emotional.,4
This movie made me lose faith in cinema.,1
The costumes in this movie are stunning.,4
I found the editing of this movie very poorly done.,2
This movie made me rethink my own choices in life.,4
This movie is a complete waste of time.,1
I found this movie quite disturbing.,2
The photography in this movie is breathtaking.,5
I couldn't understand anything that was happening in this movie.,2
This movie is an emotional rollercoaster.,5
I found this movie quite disappointing.,2
The sound effects in this movie are amazing.,4
The art direction in this movie is impressive.,4
This movie made me feel all possible emotions.,5
This is the best movie I've ever seen in my life.,5
I couldn't get this movie out of my head after watching it.,5
The actors' performances in this movie are quite mediocre.,2
This movie made me question my own beliefs.,4
I found this movie quite revolutionary.,5
The special effects in this movie leave much to be desired.,3
I found this movie quite forgettable.,2
This movie is an emotional journey.,5
I couldn't stop laughing watching this movie.,5
The direction of this movie is quite sloppy.,2
This movie made me realize what really matters in life.,4
The visual effects in this movie are absolutely stunning.,5
I found this movie quite clich√©.,3
The soundtrack of this movie is amazing.,4
This movie made me believe in the power of love.,5
I found this movie quite predictable.,3
The actors' performances in this movie are simply phenomenal.,5
This movie made me question the nature of reality.,4
I found this movie quite confusing.,2
The cinematography in this movie is simply stunning.,5
This movie made me rethink my own existence.,4
The special effects in this movie are jaw-dropping.,5
I found this movie quite emotional.,4
The direction of this movie is impeccable.,5
This movie made me lose faith in cinema.,1
I found this movie quite predictable.,3
The message of this movie is quite powerful.,5
This movie made me see the world in a completely new way.,4
I found this movie quite boring.,2
The soundtrack of this movie is simply amazing.,4
This movie made me question my own sanity.,3
The visual effects in this movie are impressive.,4
I found this movie quite disturbing.,2
This movie made me question the meaning of life.,4
The lead actor's performance in this movie is exceptional.,5
I found the direction of this movie quite confusing.,2
